key,kind,lei,scheme,id,name,class,status,legal_name,jurisdiction,register_status,verdict,risk_codes,context_codes,statements,subsidiary_children,subsidiary_statements,subsidiaries_partial,subsidiaries_note,sources_with_data,degraded,degraded_checks,reason
lei:54930007FGRO3F0RZ382,lei,54930007FGRO3F0RZ382,,,BENTCARD IMPORT LLP,shell,done,BENTCARD IMPORT LLP,AZ,"ACTIVE (gleif, declared)",The records show ownership recorded in a form that obscures who benefits.,OPAQUE_OWNERSHIP,,5,0,0,False,,gleif,False,,
lei:5493000SA3K24EQKA103,lei,5493000SA3K24EQKA103,,,MASHREQBANK PSC,bank,done,MASHREQBANK PSC,AE,"ACTIVE (gleif, live)","The records show export-control findings on parties connected to it and a possible appearance in offshore-leaks data. No parent is filed with GLEIF, which the LEI reporting rules permit.",OFFSHORE_LEAKS; RELATED_EXPORT_RISK,GLEIF_REPORTING_EXCEPTION,21,5,6,False,,gleif; openaleph; wikirate,False,,
lei:G5GSEF7VJP5I7OUK5573,lei,G5GSEF7VJP5I7OUK5573,,,BARCLAYS BANK PLC,bank,done,BARCLAYS BANK PLC,GB,"active (companies_house, live)",The records show possible procurement debarment findings and export-control findings on parties connected to it.,RELATED_EXPORT_RISK; RELATED_DEBARMENT; OFFSHORE_LEAKS,NON_EU_JURISDICTION,216,73,0,False,,gleif; companies_house; opencorporates; wikidata; opensanctions; openaleph; climatetrace; wikirate,True,cross_source_names:truncated; icij_offshore_leaks:truncated,
lei:579100KKDIKDFIBKB034,lei,579100KKDIKDFIBKB034,,,"MUFG BANK, LTD.",bank,done,"THE BANK OF TOKYO - MITSUBISHI UFJ, LTD.",AR,"ACTIVE (gleif, declared)","The records show an appearance in offshore-leaks data. No parent is filed with GLEIF, which the LEI reporting rules permit.",OFFSHORE_LEAKS,GLEIF_REPORTING_EXCEPTION,6,0,0,False,,gleif; openaleph,False,,
lei:MLU0ZO3ML4LN2LL2TL39,lei,MLU0ZO3ML4LN2LL2TL39,,,HSBC HOLDINGS PLC,bank,done,HSBC HOLDINGS PLC,GB,"active (companies_house, live)","The records show a politically exposed person among the parties named and a possible appearance in offshore-leaks data. No parent is filed with GLEIF, which the LEI reporting rules permit.",TRUST_OR_ARRANGEMENT; RELATED_PEP; OFFSHORE_LEAKS,GLEIF_REPORTING_EXCEPTION; SUBSIDIARY_LISTED_JURISDICTION,1028,465,838,False,,gleif; companies_house; opencorporates; wikidata; openaleph; wikirate; everypolitician,True,cross_source_names:truncated; icij_offshore_leaks:truncated,
lei:VDYMYTQGZZ6DU0912C88,lei,VDYMYTQGZZ6DU0912C88,,,BAYERISCHE LANDESBANK MUNICH,bank,done,BAYERISCHE LANDESBANK,DE,"ACTIVE (gleif, live)","The records show a possible appearance in offshore-leaks data and ownership recorded in a form that obscures who benefits. No parent is filed with GLEIF, which the LEI reporting rules permit.",TRUST_OR_ARRANGEMENT; STATE_CONTROLLED; OFFSHORE_LEAKS,GLEIF_REPORTING_EXCEPTION,32,7,9,False,,gleif; wikidata; openaleph,False,,
lei:213800DXECSXBR79QK58,lei,213800DXECSXBR79QK58,,,BANK OF CHINA,bank,done,BANK OF CHINA INTERNATIONAL (UK) LIMITED,GB,"active (companies_house, live)",The records show a possible appearance in offshore-leaks data. Its ownership chain has 2 intermediate corporate layers.,COMPLEX_OWNERSHIP_LAYERS; OFFSHORE_LEAKS,NON_EU_JURISDICTION,34,0,0,False,,gleif; companies_house; opencorporates; openaleph,False,,
lei:8EWQ2UQKS07AKK8ANH81,lei,8EWQ2UQKS07AKK8ANH81,,,DEUTSCHE BANK TRUST COMPANY AMERICAS,bank,done,DEUTSCHE BANK TRUST COMPANY AMERICAS,US-NY,"ACTIVE (gleif, live)",The records show export-control findings on parties connected to it and an appearance in offshore-leaks data.,TRUST_OR_ARRANGEMENT; OFFSHORE_LEAKS; RELATED_EXPORT_RISK,,11,0,0,False,,gleif; wikidata; opensanctions; openaleph,False,,
lei:7LTWFZYICNSX8D621K86,lei,7LTWFZYICNSX8D621K86,,,DEUTSCHE BANK AG,bank,done,DEUTSCHE BANK AKTIENGESELLSCHAFT,DE,"ACTIVE (gleif, live)","The records show export-control findings on the company itself and possible sanctions findings on parties connected to it. No parent is filed with GLEIF, which the LEI reporting rules permit.",EXPORT_RISK; TRUST_OR_ARRANGEMENT; RELATED_SANCTIONED; OFFSHORE_LEAKS,GLEIF_REPORTING_EXCEPTION; SUBSIDIARY_LISTED_JURISDICTION; NON_EU_JURISDICTION,1628,410,190,False,,gleif; opencorporates; wikidata; opensanctions; openaleph; climatetrace; wikirate,True,cross_source_names:truncated; icij_offshore_leaks:truncated; source_read:upstream_error,
lei:MAES062Z21O4RZ2U7M96,lei,MAES062Z21O4RZ2U7M96,,,DANSKE BANK A/S,bank,done,DANSKE BANK A/S,DK,"active (cvr_denmark, live)","The records show a possible politically exposed person among the parties named. No parent is filed with GLEIF, which the LEI reporting rules permit.",RELATED_PEP,GLEIF_REPORTING_EXCEPTION; NON_EU_JURISDICTION,87,9,3,False,,gleif; cvr_denmark; opencorporates; wikidata; opensanctions; openaleph; wikirate; ted_eu; everypolitician,True,cross_source_names:truncated; icij_offshore_leaks:truncated,
lei:3RV7W250LTUQH12INJ88,lei,3RV7W250LTUQH12INJ88,,,DENIZBANK A.S.,bank,done,DENİZBANK ANONİM ŞİRKETİ,TR,"ACTIVE (gleif, live)",The records show a jurisdiction on an international watch list.,EU_HIGH_RISK_THIRD_COUNTRY,NON_EU_JURISDICTION; SUBSIDIARY_LISTED_JURISDICTION,20,5,0,False,,gleif; wikidata; openaleph,False,,
lei:5493009Z5F07LWZYMK62,lei,5493009Z5F07LWZYMK62,,,HANG SENG BANK LIMITED,bank,done,恒生銀行有限公司,HK," (cr_hongkong, live)",The records show a possible appearance in offshore-leaks data.,OFFSHORE_LEAKS,NON_EU_JURISDICTION,22,20,0,False,,gleif; cr_hongkong,False,,
lei:529900XB6RQ3XCELQO62,lei,529900XB6RQ3XCELQO62,,,BENDURA BANK AG,bank,done,BENDURA BANK AG,LI,"ACTIVE (gleif, live)","No risk signals surfaced across the sources that answered. No parent is filed with GLEIF, which the LEI reporting rules permit.",,GLEIF_REPORTING_EXCEPTION,6,0,0,False,,gleif; opencorporates,False,,
lei:549300XWZ7BG5G23OF51,lei,549300XWZ7BG5G23OF51,,,ISRAEL DISCOUNT BANK LTD.,bank,done,בנק דיסקונט לישראל בעמ,IL,"ACTIVE (gleif, live)","No risk signals surfaced across the sources that answered. No parent is filed with GLEIF, which the LEI reporting rules permit.",,GLEIF_REPORTING_EXCEPTION,11,2,2,False,,gleif; opencorporates; wikidata,False,,
lei:5493009SXBGGW7I37Y31,lei,5493009SXBGGW7I37Y31,,,YAPI KREDI BANK NEDERLAND N.V.,bank,done,Yapi Kredi Bank Nederland N.V.,NL,"ACTIVE (gleif, live)","No risk signals surfaced, but one source did not answer, so its records were not consulted.",,NON_EU_JURISDICTION,6,0,0,False,,gleif; opencorporates,True,source_fetch:rate_limited,
lei:B85ZYWEZ5IZCZ2WNIO12,lei,B85ZYWEZ5IZCZ2WNIO12,,,YAPI VE KREDI BANKASI A.S.,bank,done,YAPI VE KREDİ BANKASI ANONİM ŞİRKETİ,TR,"ACTIVE (gleif, live)","The records show export-control findings on parties connected to it and an appearance in offshore-leaks data. No parent is filed with GLEIF, which the LEI reporting rules permit.",STATE_CONTROLLED; RELATED_EXPORT_RISK; OFFSHORE_LEAKS,GLEIF_REPORTING_EXCEPTION; NON_EU_JURISDICTION,19,5,0,False,,gleif; wikidata; wikirate,True,source_read:upstream_error,
lei:529900WMBOJTFWCJ6Z71,lei,529900WMBOJTFWCJ6Z71,,,NORISBANK GMBH,bank,done,norisbank GmbH,DE,"ACTIVE (gleif, live)",The records show possible export-control findings on parties connected to it and an appearance in offshore-leaks data.,RELATED_EXPORT_RISK; OFFSHORE_LEAKS,,30,0,0,False,,gleif; opencorporates; wikidata; openaleph,False,,
lei:549300WOIFUSNYH0FL22,lei,549300WOIFUSNYH0FL22,,,UBS SWITZERLAND AG,bank,done,UBS Switzerland AG,CH,"ACTIVE (zefix, live)",The records show a possible appearance in offshore-leaks data.,OFFSHORE_LEAKS,NON_EU_JURISDICTION,9,0,0,False,,gleif; zefix; opensanctions; openaleph; climatetrace,False,,
lei:529900UHDH7QLRMEJQ86,lei,529900UHDH7QLRMEJQ86,,,SIGMA BANK AG,bank,done,SIGMA Bank AG,LI,"ACTIVE (gleif, live)","No risk signals surfaced, but one source did not answer, so its records were not consulted. No parent is filed with GLEIF, which the LEI reporting rules permit.",,GLEIF_REPORTING_EXCEPTION,6,0,0,False,,gleif; opencorporates,True,source_fetch:timeout,
lei:254900CDNPJRAT391Y16,lei,254900CDNPJRAT391Y16,,,NATIONAL BANK OF RAS AL KHAIMAH P.S.C,bank,done,National Bank of Ras Al Khaimah P.S.C,AE-RK,"ACTIVE (gleif, live)","No risk signals surfaced across the sources that answered. No parent is filed with GLEIF, which the LEI reporting rules permit.",,GLEIF_REPORTING_EXCEPTION,7,1,0,False,,gleif,False,,
lei:300300C1031031001330,lei,300300C1031031001330,,,"SHANGHAI PUDONG DEVELOPMENT BANK CO., LTD.",bank,done,上海浦东发展银行股份有限公司,CN,"ACTIVE (gleif, live)","No risk signals surfaced, but one source answered only in part. No parent is filed with GLEIF, which the LEI reporting rules permit.",,GLEIF_REPORTING_EXCEPTION,14,4,3,False,,gleif; wikirate,True,source_read:upstream_error,
lei:529900N90QS8ARRHWY83,lei,529900N90QS8ARRHWY83,,,OWH SE I.L.,bank,done,OWH SE i.L.,DE,"ACTIVE (gleif, live)","The records show sanctions findings on the company itself and export-control findings on the company itself. No parent is filed with GLEIF, which the LEI reporting rules permit.",SANCTIONED; EXPORT_CONTROL_LINKED; EU_HIGH_RISK_THIRD_COUNTRY; RELATED_DEBARMENT; RELATED_EXPORT_CONTROLLED,GLEIF_REPORTING_EXCEPTION; NON_EU_JURISDICTION,18,0,0,False,,gleif; opencorporates; opensanctions,False,,
lei:529900C4ED1UQX2LSR90,lei,529900C4ED1UQX2LSR90,,,PASHA BANK OJSC,bank,done,"""PASHA Bank"" Open Joint Stock Company",AZ,"ACTIVE (gleif, live)","No risk signals surfaced across the sources that answered. No parent is filed with GLEIF, which the LEI reporting rules permit.",,GLEIF_REPORTING_EXCEPTION,5,0,0,False,,gleif,False,,
lei:ES7IP3U3RHIGC71XBU11,lei,ES7IP3U3RHIGC71XBU11,,,ROYAL BANK OF CANADA,bank,done,Royal Bank of Canada,CA,"ACTIVE (gleif, live)","The records show export-control findings on the company itself and an appearance in offshore-leaks data. No parent is filed with GLEIF, which the LEI reporting rules permit.",EXPORT_RISK; OFFSHORE_LEAKS,GLEIF_REPORTING_EXCEPTION; SUBSIDIARY_LISTED_JURISDICTION,141,55,75,False,,gleif; wikidata; opensanctions; openaleph; climatetrace; wikirate,True,cross_source_names:truncated,
lei:PT3QB789TSUIDF371261,lei,PT3QB789TSUIDF371261,,,THE TORONTO-DOMINION BANK,bank,done,THE TORONTO-DOMINION BANK,CA,"ACTIVE (gleif, live)","The records show export-control findings on the company itself. No parent is filed with GLEIF, which the LEI reporting rules permit.",EXPORT_RISK,GLEIF_REPORTING_EXCEPTION,111,39,49,False,,gleif; wikidata; opensanctions; wikirate,True,cross_source_names:truncated; source_fetch:timeout; source_read:upstream_error,
lei:549300WE6TAF5EEWQS81,lei,549300WE6TAF5EEWQS81,,,SBERBANK OF RUSSIA,bank,done,"Публичное акционерное общество ""Сбербанк России""",RU,"ACTIVE (gleif, live)","The records show sanctions findings on the company itself and export-control findings on the company itself. No parent is filed with GLEIF, which the LEI reporting rules permit.",SANCTIONED; DEBARMENT; EXPORT_CONTROLLED; EXPORT_RISK; EU_HIGH_RISK_THIRD_COUNTRY; RELATED_SANCTIONED; RELATED_DEBARMENT; RELATED_EXPORT_CONTROLLED; RELATED_SANCTIONS_CONTROLLED; RELATED_EXPORT_CONTROL_LINKED; OFFSHORE_LEAKS; SANCTIONED_SECURITY,GLEIF_REPORTING_EXCEPTION; SUBSIDIARY_LISTED_JURISDICTION; NON_EU_JURISDICTION,185,9,11,False,,gleif; wikidata; opensanctions; openaleph; climatetrace; wikirate,True,cross_source_names:truncated; icij_offshore_leaks:truncated,
GB-COH:SL012725,register,,GB-COH,SL012725,POLUX MANAGEMENT LP,core,done,,,,,,,1,,,,,companies_house,False,,
GB-COH:SL012732,register,,GB-COH,SL012732,HILUX SERVICES LP,core,done,,,,,,,1,,,,,companies_house,False,,
GB-COH:OC372263,register,,GB-COH,OC372263,LCM ALLIANCE LLP,core,done,,,,,,NON_EU_JURISDICTION,5,,,,,companies_house,False,,
GB-COH:OC346224,register,,GB-COH,OC346224,METASTAR INVEST LLP,core,done,,,,,,NON_EU_JURISDICTION,5,,,,,companies_house,False,,
GB-COH:08281918,register,,GB-COH,08281918,EURO TELECOM LTD,shell,done,,,,,,,3,,,,,companies_house,False,,
GB-COH:02879801,register,,GB-COH,02879801,ACCESS TECHNOLOGIES LIMITED,dormant,done,,,,,COMPLEX_OWNERSHIP_LAYERS,NON_EU_JURISDICTION,56,,,,,companies_house,False,,
GB-COH:OC375797,register,,GB-COH,OC375797,ADANA TRADE LLP,shell,done,,,,,,NON_EU_JURISDICTION,5,,,,,companies_house,False,,
GB-COH:07552812,register,,GB-COH,07552812,AGI GLOBAL LOGISTICS LIMITED,operating,done,,,,,COMPLEX_OWNERSHIP_LAYERS,NON_EU_JURISDICTION,32,,,,,companies_house,False,,
GB-COH:07743949,register,,GB-COH,07743949,ALENTER TRADING LIMITED,shell,done,,,,,,,5,,,,,companies_house,False,,
GB-COH:OC381687,register,,GB-COH,OC381687,ALLYSON SOLUTIONS LLP,shell,done,,,,,,NON_EU_JURISDICTION,5,,,,,companies_house,False,,
GB-COH:05887499,register,,GB-COH,05887499,ALPS VENTURES LIMITED,dormant,done,,,,,,,3,,,,,companies_house,False,,
GB-COH:OC370896,register,,GB-COH,OC370896,ALSATEC LLP,shell,done,,,,,,,7,,,,,companies_house,False,,
GB-COH:SL015505,register,,GB-COH,SL015505,AMBERLOT INVEST LP,dormant,done,,,,,,,1,,,,,companies_house,False,,
GB-COH:OC361271,register,,GB-COH,OC361271,ARBA MANAGEMENT LLP,shell,done,,,,,,NON_EU_JURISDICTION,5,,,,,companies_house,False,,
GB-COH:SO303059,register,,GB-COH,SO303059,ARIONA TRADING LLP,shell,done,,,,,,,3,,,,,companies_house,False,,
GB-COH:LP014442,register,,GB-COH,LP014442,ARMA STEEL TRADING LP,dormant,done,,,,,,,1,,,,,companies_house,False,,
GB-COH:SL008049,register,,GB-COH,SL008049,ASTON GLOBAL L.P.,dormant,done,,,,,,,1,,,,,companies_house,False,,
GB-COH:07871639,register,,GB-COH,07871639,ATROPATENA LIMITED,shell,done,,,,,,,3,,,,,companies_house,False,,
GB-COH:OC378279,register,,GB-COH,OC378279,AVROMED COMPANY LLP,shell,done,,,,,,NON_EU_JURISDICTION,3,,,,,companies_house,False,,
GB-COH:FC018764,register,,GB-COH,FC018764,AZERBAIJAN INTERNATIONAL OPERATING COMPANY,operating,done,,,,,,,5,,,,,companies_house,False,,
GB-COH:01368178,register,,GB-COH,01368178,BALLY SUNGLASS & OPTICAL COMPANY LIMITED,operating,done,,,,,,NON_EU_JURISDICTION,19,,,,,companies_house,False,,
GB-COH:OC353233,register,,GB-COH,OC353233,BENARDO SOLUTIONS LLP,shell,done,,,,,,NON_EU_JURISDICTION,5,,,,,companies_house,False,,
GB-COH:OC369315,register,54930007FGRO3F0RZ382,GB-COH,OC369315,BENTCARD IMPORT LLP,shell,done,,,,,,NON_EU_JURISDICTION,2,,,,,companies_house,False,,
GB-COH:OC372748,register,,GB-COH,OC372748,BERGFOX ALLIANCE LLP,shell,done,,,,,,NON_EU_JURISDICTION,3,,,,,companies_house,False,,
GB-COH:07982544,register,,GB-COH,07982544,BEWHHART LTD.,shell,done,,,,,,,3,,,,,companies_house,False,,
GB-COH:OC368144,register,,GB-COH,OC368144,BHW PROJECTS LLP,shell,done,,,,,,NON_EU_JURISDICTION,5,,,,,companies_house,False,,
GB-COH:03458514,register,,GB-COH,03458514,BOLDCROSS LIMITED,shell,done,,,,,OPAQUE_OWNERSHIP,NON_EU_JURISDICTION,6,,,,,companies_house,False,,
GB-COH:04125136,register,,GB-COH,04125136,BONAS MACFARLANE TUITION LIMITED,operating,done,,,,,,NON_EU_JURISDICTION,40,,,,,companies_house,False,,
GB-COH:OC371790,register,,GB-COH,OC371790,BONDWEST LLP,shell,done,,,,,,NON_EU_JURISDICTION,3,,,,,companies_house,False,,
GB-COH:OC371947,register,,GB-COH,OC371947,BONWEST INDUSTRIAL LLP,shell,done,,,,,,NON_EU_JURISDICTION,3,,,,,companies_house,False,,
GB-COH:OC380720,register,,GB-COH,OC380720,BONWILL PROJECTS LLP,shell,done,,,,,,NON_EU_JURISDICTION,3,,,,,companies_house,False,,
GB-COH:OC384555,register,,GB-COH,OC384555,BRANDHOLD ALLIANCE LLP,shell,done,,,,,,NON_EU_JURISDICTION,3,,,,,companies_house,False,,
GB-COH:SL010012,register,,GB-COH,SL010012,BRENTON BUSINESS L.P.,dormant,done,,,,,,,1,,,,,companies_house,False,,
GB-COH:OC360814,register,,GB-COH,OC360814,BRIGHT LINE MARITIME LLP,shell,done,,,,,,,5,,,,,companies_house,False,,
GB-COH:OC334604,register,,GB-COH,OC334604,BSMAX LLP,shell,done,,,,,,NON_EU_JURISDICTION,5,,,,,companies_house,False,,
GB-COH:SC365914,register,,GB-COH,SC365914,BTS INT LIMITED,shell,done,,,,,,,5,,,,,companies_house,False,,
GB-COH:OC389052,register,,GB-COH,OC389052,BUILDCO SUPPLIES LLP,shell,done,,,,,,NON_EU_JURISDICTION,5,,,,,companies_house,False,,
GB-COH:07929011,register,,GB-COH,07929011,ACRS HEAT PUMPS LIMITED,operating,done,,,,,,,9,,,,,companies_house,False,,
GB-COH:OC324779,register,,GB-COH,OC324779,CAMBELL UNIVERSAL LLP,shell,done,,,,,,NON_EU_JURISDICTION,5,,,,,companies_house,False,,
GB-COH:OC373296,register,,GB-COH,OC373296,CAPTRON MERCHANTS LLP,shell,done,,,,,,NON_EU_JURISDICTION,3,,,,,companies_house,False,,
GB-COH:OC359528,register,,GB-COH,OC359528,CARLEX TECHNOLOGY LLP,shell,done,,,,,,NON_EU_JURISDICTION,5,,,,,companies_house,False,,
GB-COH:OC388023,register,,GB-COH,OC388023,CARLPOOL LLP,shell,done,,,,,,NON_EU_JURISDICTION,5,,,,,companies_house,False,,
GB-COH:SL008371,register,,GB-COH,SL008371,CARTFIELD TRADE L.P.,dormant,done,,,,,,,1,,,,,companies_house,False,,
GB-COH:OC365542,register,,GB-COH,OC365542,CAYREST EXPORT LLP,shell,done,,,,,,NON_EU_JURISDICTION,5,,,,,companies_house,False,,
GB-COH:OC350705,register,,GB-COH,OC350705,CENTROEXPERT LLP,shell,done,,,,,,NON_EU_JURISDICTION,3,,,,,companies_house,False,,
GB-COH:SL013108,register,,GB-COH,SL013108,CITYPORT CONTRACTS L.P.,dormant,done,,,,,,,1,,,,,companies_house,False,,
GB-COH:07805986,register,,GB-COH,07805986,CLAMOSA LIMITED,shell,done,,,,,,,3,,,,,companies_house,False,,
GB-COH:05239730,register,,GB-COH,05239730,CLIMBFREE SOLUTIONS LIMITED,shell,done,,,,,,NON_EU_JURISDICTION,5,,,,,companies_house,False,,
GB-COH:08507743,register,,GB-COH,08507743,CLYDY LTD,shell,done,,,,,,,5,,,,,companies_house,False,,
GB-COH:OC380296,register,,GB-COH,OC380296,CNL UNIVERSAL LLP,shell,done,,,,,,NON_EU_JURISDICTION,3,,,,,companies_house,False,,
GB-COH:03817036,register,,GB-COH,03817036,CONTINENTAL TRADING (UK) LIMITED,operating,done,,,,,,,7,,,,,companies_house,False,,
GB-COH:OC371955,register,,GB-COH,OC371955,CONTRATECH SALES LLP,shell,done,,,,,,NON_EU_JURISDICTION,3,,,,,companies_house,False,,
GB-COH:02010274,register,,GB-COH,02010274,COOPERS FIRE LIMITED,operating,done,,,,,COMPLEX_OWNERSHIP_LAYERS; RELATED_PEP,NON_EU_JURISDICTION,29,,,,,companies_house,False,,
GB-COH:08662999,register,,GB-COH,08662999,CREATD SOFTWARE LTD,shell,done,,,,,,,5,,,,,companies_house,False,,
GB-COH:OC370953,register,,GB-COH,OC370953,CREDILEX LLP,shell,done,,,,,,NON_EU_JURISDICTION,3,,,,,companies_house,False,,
GB-COH:OC365095,register,,GB-COH,OC365095,CROFTLINK EXPORT LLP,shell,done,,,,,,NON_EU_JURISDICTION,5,,,,,companies_house,False,,
GB-COH:OC381424,register,,GB-COH,OC381424,CROSSPARK LINES LLP,shell,done,,,,,,NON_EU_JURISDICTION,3,,,,,companies_house,False,,
GB-COH:OC362754,register,,GB-COH,OC362754,DALLAS IMPORT LLP,shell,done,,,,,EU_HIGH_RISK_THIRD_COUNTRY,NON_EU_JURISDICTION,5,,,,,companies_house,False,,
GB-COH:OC371965,register,,GB-COH,OC371965,DANBELL IMPORT LLP,shell,done,,,,,,NON_EU_JURISDICTION,3,,,,,companies_house,False,,
GB-COH:OC371557,register,,GB-COH,OC371557,DARTLEY CAPITAL LLP,shell,done,,,,,,NON_EU_JURISDICTION,3,,,,,companies_house,False,,
GB-COH:OC379963,register,,GB-COH,OC379963,DATEMILE ALLIANCE LLP,shell,done,,,,,,NON_EU_JURISDICTION,5,,,,,companies_house,False,,
GB-COH:OC381414,register,,GB-COH,OC381414,DATVILLE UNITED LLP,shell,done,,,,,,NON_EU_JURISDICTION,5,,,,,companies_house,False,,
GB-COH:06885638,register,,GB-COH,06885638,DAVID KOMA LIMITED,operating,done,,,,,,NON_EU_JURISDICTION,11,,,,,companies_house,False,,
GB-COH:OC381830,register,,GB-COH,OC381830,DAYFORD SALES LLP,shell,done,,,,,,NON_EU_JURISDICTION,5,,,,,companies_house,False,,
GB-COH:OC380736,register,,GB-COH,OC380736,DELFRONT IMPORT LLP,shell,done,,,,,,NON_EU_JURISDICTION,3,,,,,companies_house,False,,
GB-COH:OC365055,register,,GB-COH,OC365055,DELLWOOD SALES LLP,shell,done,,,,,,NON_EU_JURISDICTION,3,,,,,companies_house,False,,
GB-COH:OC373853,register,,GB-COH,OC373853,DELMOORE EXPRESS LLP,shell,done,,,,,,NON_EU_JURISDICTION,3,,,,,companies_house,False,,
GB-COH:FC013038,register,,GB-COH,FC013038,DENTSPLY LIMITED,operating,done,,,,,,,5,,,,,companies_house,False,,
GB-COH:OC371949,register,,GB-COH,OC371949,DEXPORT UNIVERSAL LLP,shell,done,,,,,,NON_EU_JURISDICTION,3,,,,,companies_house,False,,
GB-COH:OC371956,register,,GB-COH,OC371956,DIGIMARK MERCHANTS LLP,shell,done,,,,,,NON_EU_JURISDICTION,3,,,,,companies_house,False,,
GB-COH:05128694,register,,GB-COH,05128694,DIGIPOS STORE SOLUTIONS INTERNATIONAL LIMITED,shell,done,,,,,,NON_EU_JURISDICTION,12,,,,,companies_house,False,,
GB-COH:OC365663,register,,GB-COH,OC365663,DOCKWOOD ALLIANCE LLP,shell,done,,,,,,NON_EU_JURISDICTION,3,,,,,companies_house,False,,
GB-COH:OC371985,register,,GB-COH,OC371985,DREAM CAPITAL INDUSTRIES LLP,shell,done,,,,,,NON_EU_JURISDICTION,5,,,,,companies_house,False,,
GB-COH:01256046,register,,GB-COH,01256046,ELECTROCOIN AUTOMATICS LIMITED,operating,done,,,,,,,7,,,,,companies_house,False,,
GB-COH:SL008938,register,,GB-COH,SL008938,ENTERTOWN L.P.,dormant,done,,,,,,,1,,,,,companies_house,False,,
GB-COH:OC387794,register,,GB-COH,OC387794,EURAS BRIDGE LLP,shell,done,,,,,,NON_EU_JURISDICTION,5,,,,,companies_house,False,,
GB-COH:OC383246,register,,GB-COH,OC383246,EUROEX COMMERCIAL LLP,shell,done,,,,,,NON_EU_JURISDICTION,5,,,,,companies_house,False,,
GB-COH:SL011768,register,,GB-COH,SL011768,EVERMAIR PROJECTS LP,dormant,done,,,,,,,1,,,,,companies_house,False,,
GB-COH:OC379332,register,,GB-COH,OC379332,EXTRAFIELD LLP,shell,done,,,,,,NON_EU_JURISDICTION,3,,,,,companies_house,False,,
GB-COH:06596875,register,,GB-COH,06596875,F.S. MACKENZIE INTERNATIONAL LIMITED,operating,done,,,,,,NON_EU_JURISDICTION,19,,,,,companies_house,False,,
GB-COH:05145471,register,,GB-COH,05145471,FC USSR LTD,shell,done,,,,,,,3,,,,,companies_house,False,,
GB-COH:OC334605,register,,GB-COH,OC334605,FEELGOOD PRODUCTION LLP,shell,done,,,,,,NON_EU_JURISDICTION,5,,,,,companies_house,False,,
GB-COH:OC339081,register,,GB-COH,OC339081,FERROTEC STEEL LLP,shell,done,,,,,,NON_EU_JURISDICTION,9,,,,,companies_house,False,,
GB-COH:OC378268,register,,GB-COH,OC378268,FESTIVAL SALES LLP,shell,done,,,,,,NON_EU_JURISDICTION,3,,,,,companies_house,False,,
GB-COH:04110906,register,,GB-COH,04110906,FINE DECOR WALLCOVERINGS LIMITED,operating,done,,,,,,NON_EU_JURISDICTION,14,,,,,companies_house,False,,
GB-COH:SL011146,register,,GB-COH,SL011146,FIRST IMPORTS/EXPORTS L.P.,dormant,done,,,,,,,1,,,,,companies_house,False,,
GB-COH:SL012522,register,,GB-COH,SL012522,FIRST MARINE L.P.,dormant,done,,,,,,,1,,,,,companies_house,False,,
GB-COH:OC357935,register,,GB-COH,OC357935,FIRSTWOOD ALLIANCE LLP,shell,done,,,,,,NON_EU_JURISDICTION,3,,,,,companies_house,False,,
GB-COH:01680058,register,,GB-COH,01680058,FOXTONS LIMITED,operating,done,,,,,COMPLEX_OWNERSHIP_LAYERS,NON_EU_JURISDICTION,27,,,,,companies_house,False,,
GB-COH:OC355905,register,,GB-COH,OC355905,FRONTWELL COMPANY LLP,shell,done,,,,,,NON_EU_JURISDICTION,3,,,,,companies_house,False,,
GB-COH:06739202,register,,GB-COH,06739202,GAELIC INT'L HOLD LTD,operating,done,,,,,,,6,,,,,companies_house,False,,
GB-COH:SC375222,register,,GB-COH,SC375222,GEBA INDUSTRIES LTD,shell,done,,,,,,,3,,,,,companies_house,False,,
GB-COH:SL013329,register,,GB-COH,SL013329,GENERAL TRADE L.P.,dormant,done,,,,,,,1,,,,,companies_house,False,,
GB-COH:05000509,register,,GB-COH,05000509,GENTLEMEN'S TONIC LIMITED,shell,done,,,,,,,9,,,,,companies_house,False,,
GB-COH:OC372307,register,,GB-COH,OC372307,GFG EXPORT LLP,shell,done,,,,,,NON_EU_JURISDICTION,3,,,,,companies_house,False,,
GB-COH:OC318294,register,,GB-COH,OC318294,GILSON UNIVERSAL LLP,shell,done,,,,,,NON_EU_JURISDICTION,5,,,,,companies_house,False,,
GB-COH:SL009161,register,,GB-COH,SL009161,GLOBECOM TRADE L.P.,dormant,done,,,,,,,1,,,,,companies_house,False,,
GB-COH:OC332480,register,,GB-COH,OC332480,GLOBETOWN LLP,shell,done,,,,,,NON_EU_JURISDICTION,5,,,,,companies_house,False,,
GB-COH:09164637,register,,GB-COH,09164637,GM LEADER LIMITED,shell,done,,,,,,,7,,,,,companies_house,False,,
GB-COH:05355242,register,,GB-COH,05355242,GPEG INTERNATIONAL LIMITED,shell,done,,,,,,,5,,,,,companies_house,False,,
GB-COH:OC367024,register,,GB-COH,OC367024,GRANSTON SALES LLP,shell,done,,,,,,NON_EU_JURISDICTION,3,,,,,companies_house,False,,
GB-COH:SL011758,register,,GB-COH,SL011758,GRAY KENT INVESTMENTS LP,dormant,done,,,,,,,1,,,,,companies_house,False,,
GB-COH:OC381686,register,,GB-COH,OC381686,GREENOUGH TRADE LLP,shell,done,,,,,,NON_EU_JURISDICTION,5,,,,,companies_house,False,,
GB-COH:OC380730,register,,GB-COH,OC380730,GTW EXPORT LLP,shell,done,,,,,,NON_EU_JURISDICTION,3,,,,,companies_house,False,,
GB-COH:02832555,register,,GB-COH,02832555,H.R. OWEN DEALERSHIPS LIMITED,operating,done,,,,,RELATED_PEP,NON_EU_JURISDICTION,20,,,,,companies_house,False,,
GB-COH:OC381762,register,,GB-COH,OC381762,HARDWARE SYSTEM LLP,shell,done,,,,,,NON_EU_JURISDICTION,5,,,,,companies_house,False,,
GB-COH:OC351187,register,,GB-COH,OC351187,HIGHCORP WORLDWIDE LLP,shell,done,,,,,,NON_EU_JURISDICTION,5,,,,,companies_house,False,,
GB-COH:OC371958,register,,GB-COH,OC371958,HILLSTAR COMPLEX LLP,shell,done,,,,,,NON_EU_JURISDICTION,3,,,,,companies_house,False,,
GB-COH:OC363732,register,,GB-COH,OC363732,INFOCAR TRADE LLP,shell,done,,,,,,NON_EU_JURISDICTION,5,,,,,companies_house,False,,
GB-COH:OC363823,register,,GB-COH,OC363823,INFOCREST LLP,shell,done,,,,,,NON_EU_JURISDICTION,3,,,,,companies_house,False,,
GB-COH:SL014294,register,,GB-COH,SL014294,INTERLINE EUROPE L.P.,dormant,done,,,,,,,1,,,,,companies_house,False,,
GB-COH:SL013313,register,,GB-COH,SL013313,INTERWEST L.P.,dormant,done,,,,,,,1,,,,,companies_house,False,,
GB-COH:SO301493,register,,GB-COH,SO301493,INTERWEST PROJECT LLP,shell,done,,,,,OPAQUE_OWNERSHIP,,9,,,,,companies_house,False,,
GB-COH:OC368550,register,,GB-COH,OC368550,INTRAWAY ALLIANCE LLP,shell,done,,,,,,NON_EU_JURISDICTION,3,,,,,companies_house,False,,
GB-COH:03128992,register,,GB-COH,03128992,JENGATE LIMITED,shell,done,,,,,,,3,,,,,companies_house,False,,
GB-COH:OC345090,register,,GB-COH,OC345090,JETMAX CONTRACTS LLP,shell,done,,,,,,NON_EU_JURISDICTION,3,,,,,companies_house,False,,
GB-COH:OC361954,register,,GB-COH,OC361954,JLS PRODUCTS LLP,shell,done,,,,,,NON_EU_JURISDICTION,3,,,,,companies_house,False,,
GB-COH:SL008100,register,,GB-COH,SL008100,KEYLORD INVESTMENTS L.P.,dormant,done,,,,,,,1,,,,,companies_house,False,,
GB-COH:OC366180,register,,GB-COH,OC366180,LAKEMONT PROJECTS LLP,shell,done,,,,,,NON_EU_JURISDICTION,3,,,,,companies_house,False,,
GB-COH:OC336651,register,,GB-COH,OC336651,LATFORM INDUSTRIES LLP,shell,done,,,,,,NON_EU_JURISDICTION,7,,,,,companies_house,False,,
GB-COH:SL007720,register,,GB-COH,SL007720,LEWIS CORPORATION L.P.,dormant,done,,,,,,,1,,,,,companies_house,False,,
GB-COH:OC374025,register,,GB-COH,OC374025,LEYBURN SYSTEMS LLP,shell,done,,,,,,NON_EU_JURISDICTION,3,,,,,companies_house,False,,
GB-COH:OC374029,register,,GB-COH,OC374029,LIGHTFOLD EXPERTS LLP,shell,done,,,,,,NON_EU_JURISDICTION,3,,,,,companies_house,False,,
GB-COH:02066629,register,,GB-COH,02066629,LINX PRINTING TECHNOLOGIES LIMITED,operating,done,,,,,COMPLEX_OWNERSHIP_LAYERS; RELATED_EXPORT_RISK,NON_EU_JURISDICTION,29,,,,,companies_house,False,,
GB-COH:OC362274,register,,GB-COH,OC362274,LOGILUX LLP,shell,done,,,,,,NON_EU_JURISDICTION,3,,,,,companies_house,False,,
GB-COH:OC336653,register,,GB-COH,OC336653,LOTA SALES LLP,shell,done,,,,,,NON_EU_JURISDICTION,3,,,,,companies_house,False,,
GB-COH:SL011661,register,,GB-COH,SL011661,LUXBORG L.P.,dormant,done,,,,,,NON_EU_JURISDICTION,4,,,,,companies_house,False,,
GB-COH:OC362371,register,,GB-COH,OC362371,LUXOR COMMUNICATION LLP,shell,done,,,,,,,5,,,,,companies_house,False,,
GB-COH:06506182,register,,GB-COH,06506182,LYSOFORM LIMITED,shell,done,,,,,,,5,,,,,companies_house,False,,
GB-COH:OC353235,register,,GB-COH,OC353235,MALAMO CAPITAL LLP,shell,done,,,,,,NON_EU_JURISDICTION,3,,,,,companies_house,False,,
GB-COH:05899296,register,,GB-COH,05899296,MARINE SOURCING SERVICES LIMITED,shell,done,,,,,,,7,,,,,companies_house,False,,
GB-COH:OC385369,register,,GB-COH,OC385369,MARTEX SALES LLP,shell,done,,,,,,NON_EU_JURISDICTION,5,,,,,companies_house,False,,
GB-COH:SL007885,register,,GB-COH,SL007885,MAXWISE TECHNOLOGY L.P.,dormant,done,,,,,OPAQUE_OWNERSHIP,,2,,,,,companies_house,False,,
GB-COH:OC375688,register,,GB-COH,OC375688,METREX PROJECTS LLP,shell,done,,,,,,NON_EU_JURISDICTION,3,,,,,companies_house,False,,
GB-COH:OC370951,register,,GB-COH,OC370951,MOBILA LLP,shell,done,,,,,,NON_EU_JURISDICTION,3,,,,,companies_house,False,,
GB-COH:OC380013,register,,GB-COH,OC380013,MOLONEY TRADE LLP,shell,done,,,,,,NON_EU_JURISDICTION,5,,,,,companies_house,False,,
GB-COH:OC364075,register,,GB-COH,OC364075,MONDOTECH LLP,shell,done,,,,,,NON_EU_JURISDICTION,3,,,,,companies_house,False,,
GB-COH:OC355521,register,,GB-COH,OC355521,MOYA ENGINEERING LLP,shell,done,,,,,EU_HIGH_RISK_THIRD_COUNTRY,NON_EU_JURISDICTION,5,,,,,companies_house,False,,
GB-COH:OC339672,register,,GB-COH,OC339672,MUROVA SYSTEMS LLP,shell,done,,,,,,NON_EU_JURISDICTION,3,,,,,companies_house,False,,
GB-COH:OC382392,register,,GB-COH,OC382392,MX TRADE LLP,shell,done,,,,,,,5,,,,,companies_house,False,,
GB-COH:OC384548,register,,GB-COH,OC384548,NEXTMARK SALES LLP,shell,done,,,,,,NON_EU_JURISDICTION,3,,,,,companies_house,False,,
GB-COH:OC377009,register,,GB-COH,OC377009,NORDLAND DEVELOPMENT LLP,shell,done,,,,,,NON_EU_JURISDICTION,5,,,,,companies_house,False,,
GB-COH:SC271444,register,,GB-COH,SC271444,NORTHBURGH LIMITED,shell,done,,,,,,,9,,,,,companies_house,False,,
GB-COH:05826105,register,,GB-COH,05826105,ONLINE AUTOMOTIVE LIMITED,operating,done,,,,,,NON_EU_JURISDICTION,13,,,,,companies_house,False,,
GB-COH:OC348612,register,,GB-COH,OC348612,ORDERVILLE LLP,shell,done,,,,,,NON_EU_JURISDICTION,5,,,,,companies_house,False,,
GB-COH:OC372260,register,,GB-COH,OC372260,OVERMOND LLP,shell,done,,,,,,NON_EU_JURISDICTION,3,,,,,companies_house,False,,
GB-COH:OC374243,register,,GB-COH,OC374243,OVERTON SALES LLP,shell,done,,,,,,NON_EU_JURISDICTION,3,,,,,companies_house,False,,
GB-COH:06661308,register,,GB-COH,06661308,PARKVIEW ESTATES MANAGEMENT LIMITED,shell,done,,,,,COMPLEX_OWNERSHIP_LAYERS,NON_EU_JURISDICTION,34,,,,,companies_house,False,,
GB-COH:01947282,register,,GB-COH,01947282,PEERMAN INVESTMENTS LIMITED,operating,done,,,,,,,15,,,,,companies_house,False,,
GB-COH:05355307,register,,GB-COH,05355307,PETRO-CANADA EUROPE LUBRICANTS LIMITED,operating,done,,,,,OPAQUE_OWNERSHIP,,12,,,,,companies_house,False,,
GB-COH:OC364495,register,,GB-COH,OC364495,PILOTEX IMPORT LLP,shell,done,,,,,,NON_EU_JURISDICTION,3,,,,,companies_house,False,,
GB-COH:OC369182,register,,GB-COH,OC369182,PLASTEX PROJECTS LLP,shell,done,,,,,,NON_EU_JURISDICTION,3,,,,,companies_house,False,,
GB-COH:01107372,register,,GB-COH,01107372,POLAR FURS LIMITED,operating,done,,,,,,NON_EU_JURISDICTION,16,,,,,companies_house,False,,
GB-COH:00743538,register,,GB-COH,00743538,POLYFLOR LIMITED,operating,done,,,,,,NON_EU_JURISDICTION,29,,,,,companies_house,False,,
GB-COH:OC369253,register,,GB-COH,OC369253,POLYWIND TRADE LLP,shell,done,,,,,,NON_EU_JURISDICTION,5,,,,,companies_house,False,,
GB-COH:SL012749,register,,GB-COH,SL012749,RASMUS LP,dormant,done,,,,,,,1,,,,,companies_house,False,,
GB-COH:05614674,register,,GB-COH,05614674,REK VALVES LIMITED,shell,done,,,,,,,5,,,,,companies_house,False,,
GB-COH:OC380109,register,,GB-COH,OC380109,RESTCODE CAPITAL LLP,shell,done,,,,,,NON_EU_JURISDICTION,5,,,,,companies_house,False,,
GB-COH:OC367031,register,,GB-COH,OC367031,RICHBORO PROJECTS LLP,shell,done,,,,,,NON_EU_JURISDICTION,3,,,,,companies_house,False,,
GB-COH:SL014304,register,,GB-COH,SL014304,RICHFIELD TRADING L.P.,dormant,done,,,,,,,1,,,,,companies_house,False,,
GB-COH:SL017142,register,,GB-COH,SL017142,RICHMAR LOGISTIC AND CHARTERING UK LP,operating,done,,,,,,,3,,,,,companies_house,False,,
GB-COH:SL009166,register,,GB-COH,SL009166,RICHSTONE EXPERTS L.P.,dormant,done,,,,,,,1,,,,,companies_house,False,,
GB-COH:OC373851,register,,GB-COH,OC373851,RIDER IMPORT LLP,shell,done,,,,,,NON_EU_JURISDICTION,3,,,,,companies_house,False,,
GB-COH:OC343392,register,,GB-COH,OC343392,RIKAS EXPORT LLP,shell,done,,,,,,NON_EU_JURISDICTION,3,,,,,companies_house,False,,
GB-COH:OC376578,register,,GB-COH,OC376578,RONLEX MERCHANTS LLP,shell,done,,,,,,NON_EU_JURISDICTION,3,,,,,companies_house,False,,
GB-COH:OC376796,register,,GB-COH,OC376796,RUSMEDIZD TRADE LLP,shell,done,,,,,,NON_EU_JURISDICTION,5,,,,,companies_house,False,,
GB-COH:06427895,register,,GB-COH,06427895,SAGE PARTS GSE LIMITED,operating,done,,,,,,,7,,,,,companies_house,False,,
GB-COH:OC367115,register,,GB-COH,OC367115,SAMITEX TRADING LLP,shell,done,,,,,,NON_EU_JURISDICTION,5,,,,,companies_house,False,,
GB-COH:SL014411,register,,GB-COH,SL014411,SANBERG EUROTRADE L.P.,dormant,done,,,,,,,1,,,,,companies_house,False,,
GB-COH:SL011078,register,,GB-COH,SL011078,SANTRAL ELEKTRIK LP,dormant,done,,,,,,,1,,,,,companies_house,False,,
GB-COH:OC380307,register,,GB-COH,OC380307,SDT TRADE LLP,shell,done,,,,,,NON_EU_JURISDICTION,3,,,,,companies_house,False,,
GB-COH:02890928,register,,GB-COH,02890928,SEA SOTRA (LONDON) LIMITED,shell,done,,,,,,,17,,,,,companies_house,False,,
GB-COH:06026625,register,,GB-COH,06026625,SEABON LIMITED,shell,done,,,,,,,3,,,,,companies_house,False,,
GB-COH:02979210,register,,GB-COH,02979210,SECURO LIMITED,shell,done,,,,,,,5,,,,,companies_house,False,,
GB-COH:06567091,register,,GB-COH,06567091,SEVEN MILE SHIPPING LIMITED,operating,done,,,,,,NON_EU_JURISDICTION,14,,,,,companies_house,False,,
GB-COH:09025416,register,,GB-COH,09025416,"SHANDONG YONGSHENG RUBBER GROUP CO., LTD",shell,done,,,,,,,5,,,,,companies_house,False,,
GB-COH:01827661,register,,GB-COH,01827661,SIZEROY LIMITED,operating,done,,,,,,,5,,,,,companies_house,False,,
GB-COH:05950064,register,,GB-COH,05950064,SKN ELECTRICAL SERVICES LIMITED,operating,done,,,,,,,7,,,,,companies_house,False,,
GB-COH:OC365120,register,,GB-COH,OC365120,SOLIDSTAR WORLDWIDE LLP,shell,done,,,,,,NON_EU_JURISDICTION,3,,,,,companies_house,False,,
GB-COH:OC356255,register,,GB-COH,OC356255,SOLITEX SALES LLP,shell,done,,,,,,NON_EU_JURISDICTION,3,,,,,companies_house,False,,
GB-COH:01717864,register,,GB-COH,01717864,SONIFEX LIMITED,shell,done,,,,,,,13,,,,,companies_house,False,,
GB-COH:OC338564,register,,GB-COH,OC338564,SOVER DEVELOPMENT LLP,shell,done,,,,,,NON_EU_JURISDICTION,3,,,,,companies_house,False,,
GB-COH:02844990,register,,GB-COH,02844990,STAMFORD POWER SYSTEMS LIMITED,operating,done,,,,,,,5,,,,,companies_house,False,,
GB-COH:SL009619,register,,GB-COH,SL009619,STAMPTONE SERVICES LP,dormant,done,,,,,OPAQUE_OWNERSHIP,,3,,,,,companies_house,False,,
GB-COH:OC374026,register,,GB-COH,OC374026,STANDLINE SALES LLP,shell,done,,,,,,NON_EU_JURISDICTION,3,,,,,companies_house,False,,
GB-COH:07943313,register,,GB-COH,07943313,STARGLOBE LIMITED,operating,done,,,,,,,7,,,,,companies_house,False,,
GB-COH:OC364496,register,,GB-COH,OC364496,STARGOLD PROJECTS LLP,shell,done,,,,,,NON_EU_JURISDICTION,3,,,,,companies_house,False,,
GB-COH:OC329416,register,,GB-COH,OC329416,STREAMTRADE INDUSTRIES LLP,shell,done,,,,,,NON_EU_JURISDICTION,3,,,,,companies_house,False,,
GB-COH:OC331259,register,,GB-COH,OC331259,STYLEMAX COMPANY LLP,shell,done,,,,,,NON_EU_JURISDICTION,5,,,,,companies_house,False,,
GB-COH:OC374505,register,,GB-COH,OC374505,SUPRAMARK EXPORT LLP,shell,done,,,,,,NON_EU_JURISDICTION,3,,,,,companies_house,False,,
GB-COH:01504448,register,,GB-COH,01504448,SWIFT PLANT SPARES LIMITED,operating,done,,,,,,,11,,,,,companies_house,False,,
GB-COH:OC368263,register,,GB-COH,OC368263,TABRIOL SALES LLP,shell,done,,,,,,NON_EU_JURISDICTION,5,,,,,companies_house,False,,
GB-COH:SL010189,register,,GB-COH,SL010189,TAYLORD FIELD LP,dormant,done,,,,,,,1,,,,,companies_house,False,,
GB-COH:06722330,register,,GB-COH,06722330,TECHNIKON LTD,shell,done,,,,,,,3,,,,,companies_house,False,,
GB-COH:OC372455,register,,GB-COH,OC372455,TEOLINE BUSINESS LLP,shell,done,,,,,,NON_EU_JURISDICTION,5,,,,,companies_house,False,,
GB-COH:OC351904,register,,GB-COH,OC351904,TEREACH TRADING LLP,shell,done,,,,,,,5,,,,,companies_house,False,,
GB-COH:04863962,register,,GB-COH,04863962,THORNTON BREGAZZI LIMITED,operating,done,,,,,,,9,,,,,companies_house,False,,
GB-COH:OC360305,register,,GB-COH,OC360305,TIM ENERGY LLP,shell,done,,,,,,,3,,,,,companies_house,False,,
GB-COH:OC358881,register,,GB-COH,OC358881,TIM RESOURCES LLP,shell,done,,,,,EU_HIGH_RISK_THIRD_COUNTRY,NON_EU_JURISDICTION,5,,,,,companies_house,False,,
GB-COH:OC371962,register,,GB-COH,OC371962,TOOLMARK PRODUCTS LLP,shell,done,,,,,,NON_EU_JURISDICTION,3,,,,,companies_house,False,,
GB-COH:OC393459,register,,GB-COH,OC393459,TOWNMARK LOGISTICS LLP,shell,done,,,,,,NON_EU_JURISDICTION,5,,,,,companies_house,False,,
GB-COH:OC380308,register,,GB-COH,OC380308,TRONLUX VENTURES LLP,shell,done,,,,,,NON_EU_JURISDICTION,3,,,,,companies_house,False,,
GB-COH:00320293,register,,GB-COH,00320293,TURNOCK LIMITED,operating,done,,,,,,NON_EU_JURISDICTION,13,,,,,companies_house,False,,
GB-COH:OC368151,register,,GB-COH,OC368151,UNICONT INDUSTRIAL LLP,shell,done,,,,,,NON_EU_JURISDICTION,3,,,,,companies_house,False,,
GB-COH:OC365686,register,,GB-COH,OC365686,UNIONSTAR TRADE LLP,shell,done,,,,,,NON_EU_JURISDICTION,5,,,,,companies_house,False,,
GB-COH:OC372459,register,,GB-COH,OC372459,VASSA IMPEX LLP,shell,done,,,,,,NON_EU_JURISDICTION,5,,,,,companies_house,False,,
GB-COH:OC377721,register,,GB-COH,OC377721,WAYCONT UNITED LLP,shell,done,,,,,,NON_EU_JURISDICTION,3,,,,,companies_house,False,,
GB-COH:OC356258,register,,GB-COH,OC356258,WDC PROJECTS LLP,shell,done,,,,,,NON_EU_JURISDICTION,12,,,,,companies_house,False,,
GB-COH:SC265387,register,,GB-COH,SC265387,WESTBURN ENTERPRISES LIMITED,shell,done,,,,,,,1,,,,,companies_house,False,,
GB-COH:OC368133,register,,GB-COH,OC368133,WIDEMARK CAPITAL LLP,shell,done,,,,,,NON_EU_JURISDICTION,3,,,,,companies_house,False,,
GB-COH:SL012653,register,,GB-COH,SL012653,WILDPARK SALES L.P.,,done,,,,,,,1,,,,,companies_house,False,,
GB-COH:OC365293,register,,GB-COH,OC365293,WILLROCK UNITED LLP,shell,done,,,,,,NON_EU_JURISDICTION,3,,,,,companies_house,False,,
GB-COH:04137466,register,,GB-COH,04137466,WORLD OF TATA-NAKA LTD,operating,done,,,,,,,9,,,,,companies_house,False,,
GB-COH:02714019,register,,GB-COH,02714019,WORTHY TECHNOLOGIES LIMITED,operating,done,,,,,,NON_EU_JURISDICTION,26,,,,,companies_house,False,,
GB-COH:SL012733,register,,GB-COH,SL012733,ZELMER PARTNERS LP,dormant,done,,,,,,,5,,,,,companies_house,False,,
GB-COH:SO300935,register,,GB-COH,SO300935,WEST SPORT ALLIANCE LIMITED LIABILITY PARTNERSHIP,operating,done,,,,,,,9,,,,,companies_house,False,,
GB-COH:03858674,register,,GB-COH,03858674,EXPA (UK) LIMITED,shell,done,,,,,OPAQUE_OWNERSHIP,,4,,,,,companies_house,False,,
GB-COH:07296626,register,,GB-COH,07296626,PEDERSEN & PARTNERS INTERNATIONAL LIMITED,operating,done,,,,,,,5,,,,,companies_house,False,,
GB-COH:01125371,register,,GB-COH,01125371,PENSUM LIMITED,shell,done,,,,,,,7,,,,,companies_house,False,,
GB-COH:02573843,register,,GB-COH,02573843,QUEEN ETHELBURGA'S COLLEGE LIMITED,operating,done,,,,,COMPLEX_OWNERSHIP_LAYERS; EU_HIGH_RISK_THIRD_COUNTRY; FATF_GREY_LIST; RELATED_PEP,NON_EU_JURISDICTION,28,,,,,companies_house,False,,
GB-COH:OC366899,register,,GB-COH,OC366899,ULTRA CORPORATION LLP,shell,done,,,,,,NON_EU_JURISDICTION,7,,,,,companies_house,False,,
GB-COH:OC363814,register,,GB-COH,OC363814,BONINVEST LLP,shell,done,,,,,,NON_EU_JURISDICTION,3,,,,,companies_house,False,,
GB-COH:OC381681,register,,GB-COH,OC381681,CARGOSTAR LLP,shell,done,,,,,,,1,,,,,companies_house,False,,
GB-COH:OC376597,register,,GB-COH,OC376597,RIVERLANE LLP,shell,done,,,,,,NON_EU_JURISDICTION,3,,,,,companies_house,False,,
GB-COH:OC372326,register,,GB-COH,OC372326,KG COMMERCE LLP,shell,done,,,,,,NON_EU_JURISDICTION,3,,,,,companies_house,False,,
GB-COH:07792400,register,,GB-COH,07792400,PRESTIGE CAPITAL PROPERTIES LIMITED,shell,done,,,,,,,3,,,,,companies_house,False,,
GB-COH:07105739,register,,GB-COH,07105739,ADANA INVESTMENTS LTD,dormant,done,,,,,,,7,,,,,companies_house,False,,
GB-COH:05716053,register,,GB-COH,05716053,EUROILGAS INDUSTRIES PLC,shell,done,,,,,,,5,,,,,companies_house,False,,
GB-COH:SL012728,register,,GB-COH,SL012728,SL012728 LP,dormant,done,,,,,,,1,,,,,companies_house,False,,
GB-COH:SC185690,register,,GB-COH,SC185690,Q-FREE (BRISTOL) UK LIMITED,operating,done,,,,,,,10,,,,,companies_house,False,,
GB-COH:00191031,register,,GB-COH,00191031,ALFRED DUNHILL LIMITED,,done,,,,,COMPLEX_OWNERSHIP_LAYERS,NON_EU_JURISDICTION,20,,,,,companies_house,False,,
GB-COH:04582919,register,,GB-COH,04582919,ROTRACK LIMITED,,done,,,,,,,3,,,,,companies_house,False,,
GB-COH:SL012842,register,,GB-COH,SL012842,SL012842 LP,,done,,,,,,,1,,,,,companies_house,False,,
GB-COH:BR001223,register,5493000SA3K24EQKA103,GB-COH,BR001223,MASHREQBANK PSC,bank,done,,,,,RELATED_EXPORT_RISK,,0,,,,,companies_house,False,,
GB-COH:01026167,register,G5GSEF7VJP5I7OUK5573,GB-COH,01026167,BARCLAYS BANK PLC,bank,done,,,,,RELATED_DEBARMENT; RELATED_EXPORT_RISK,NON_EU_JURISDICTION,0,,,,,companies_house,False,,
GB-COH:BR002013,register,579100KKDIKDFIBKB034,GB-COH,BR002013,"MUFG BANK, LTD.",bank,done,,,,,,,0,,,,,companies_house,False,,
GB-COH:00617987,register,MLU0ZO3ML4LN2LL2TL39,GB-COH,00617987,HSBC HOLDINGS PLC,bank,done,,,,,,,0,,,,,companies_house,False,,
