UBS FINANCIAL SERVICES INC	Company	US
WYNN LAS VEGAS LLC	Company	US
JOHNS HOPKINS MEDICINE	Company	US
CYNOSURE INC	Company	US
	CYNOSURE INC.	Company	US
DELTA AIR LINES, INC.	Company	US


ADATA TECHNOLOGY CO LTD	Company	US
ADEL CORP	Company	US
AGRO-TECHNIC LLC	Company	US
ALLIN4U LLC MOTISLUXURY	Company	US
APEX DYNAMICS.,INC.	Company	US
APPLIED SPECTRAL IMAGING INC.	Company	US
AUTO PARTS CO,LTD	Company	US
	AUTO PARTS CO.,LTD	Company	US
	AUTO PARTS CO.,LTD.	Company	US
AUTOBIDMASTER	Company	US
AZTE INC	Company	US
BLOCK IMAGING INTERNATIONAL INC	Company	US
BLT COMPANY	Company	US
BOCHIC INC.	Company	US
BUTA USA LLC	Company	US
CHARLES MICHAEL BROCKERT/PAN UNITED	Company	US
CHAS.BOGGINI CO.	Company	US
CHO YANG CORPORATION	Company	US
CKC CORPORATION	Company	US
DIAGNOSTIC AUTOMATION, INC.	Company	US
DIAVIN LTD	Company	US
DIMPLEX NORTH AMERICA LIMITED	Company	US
DLT GROUP INC	Company	US
DRG INTERNATIONAL,INC	Company	US
ELITE LLC	Company	US
FERRO TECHNOLOGIES,INC	Company	US
FORAL GROUP	Company	US
GALFAN TECHNOLOGY CENTRE,INC.	Company	US
GAPI GLOBAL MEAT INC.	Company	US
GEOVISION INC	Company	US
GREENFIELD INDUSTRIES CORP.	Company	US
GROUP JS INTERNATIONAL LTD	Company	US
GS GLOBAL CORP	Company	US
	GS GLOBAL CORP.	Company	US
I.B.GOODMAN MFG. CO., INC	Company	US
I.B.S GLOBAL INC	Company	US
IMPULSE RM INC	Company	US
	IMPULSE RM INC DBA MAJOR PARTS	Company	US
	IMPULSE RM INC DBA MAJOR PARTS NY	Company	US
INNOVATIVE MATERIAL AND DEVICES,INC	Company	US
INTERNET ESCROW SERVICES	Company	US
INVERNESS MEDICAL INNOVATION	Company	US
	INVERNESS MEDICAL INNOVATIONS	Company	US
Iron Investments Inc.	Company	US
JH GLOBAL SERVICES,INC.	Company	US
KBAB INC.	Company	US
KDDI CORPORATION	Company	US
L.L.C. EMSC.	Company	US
LEPOW INTERNATIONAL CO.,LTD	Company	US
LF USA	Company	US
	LF USA INC.	Company	US
LI-COR INC	Company	US
LINSTAR SYSTEMS CORP.	Company	US
LKQ MANAGEMENT COMPANY	Company	US
M J MUSIC CORP.	Company	US
MAJOR AUTOMOTIVE GOUP INC.	Company	US
	MAJOR AUTOMOTIVE GROUP INC	Company	US
	MAJOR AUTOMOTIVE GROUP INC.	Company	US
MANHATTAN LANGUAGE TRAINING INC	Company	US
	MANHATTAN LANGUAGE TRAINING, INC.	Company	US
	MANHATTAN LANGUAGE TRAINING,INC.	Company	US
MARCHESA HOLDINGS LLC	Company	US
MAX GROUP CORPORATION	Company	US
MJV CONSULTANTS	Company	US
MONIQUE LHUILLIER INC.	Company	US
NON GOVERNMENTAL ORGANIZATION P.S.I	Company	US
NORTHERN PHARMACY	Company	US
NOVA GLOBAL ENTERPRISE LTD	Company	US
OCI CORPORATION	Company	US
OHNE TITEL LLC	Company	US
PARI INTERNATIONAL INC	Company	US
PARTS4LASER	Company	US
PARY INTERNATIONAL	Company	US
	PARY INTERNATIONAL INC.	Company	US
POLARIS INDUSTRIES INC	Company	US
POND MOBILE	Company	US
PRABAL GURUNG LLC	Company	US
PREMIUM DISTRIBUTION CORP	Company	US
PRIME DENTAL MANUFACTURING INC	Company	US
QUBICA AMF WORLDWIDE LLC	Company	US
RANA STEEL INDUSTRY LLC.	Company	US
RMP TRADE CREDIT LLC	Company	US
SARAS NEW YORK HOMESTAY LLC	Company	US
SHOP + SHIP GLOBAL SERVICES	Company	US
SKYTECH PRODUCTS GROUP	Company	US
STARKEY LABORATORIES,INC.	Company	US
STOP4WHOLESALE	Company	US
SYCLON INC	Company	US
TACONY - POWR-FLITE	Company	US
TECHNO FLASH INC.	Company	US
TERI JON SPORTS INC.	Company	US
THOMAS SCIENTIFIC	Company	US
TRICON DRY CHEMICALS LLC	Company	US
TURBILLION LLC	Company	US
UNICORP INSTRUMENTS INC.	Company	US
UNITED STATES MOTOR POWER, LLC	Company	US
VAHALLAN PAPERS	Company	US
VIBRAGAGE CO.	Company	US
VP PRESTIGE INC.	Company	US
WILLIAM MORRIS ENDEAVOR	Company	US
XTREME MOTORCYCLE OF CAMBRIDGE	Company	US
	XTREME MOTORCYCLE OUTLET, LLC	Company	US
YORK	Company	US
	YORK WALLCOVERINGS INC	Company	US
ZEYNAB KHANLAROVA FOUNDATION	Company	US
